Model,Mean_F1,Std_F1
XGBoost,0.9770976877167407,0.0011415325460278323
Random Forest,0.9716640146203666,0.0009403231646674319
Decision Tree,0.9575519859918236,0.0007867318886543989
