Model,Accuracy,Precision,Recall,F1,ROC_AUC,PR_AUC
XGBoost,0.9941667263802801,0.08782201405152225,0.4563894523326572,0.14729950900163666,0.9704140620116453,0.2326486332594944
Random Forest,0.9866271362545233,0.045612871122905956,0.5578093306288032,0.08432996013492794,0.9634045559309065,0.08728518245737378
Decision Tree,0.9771841746981477,0.026007039499413374,0.539553752535497,0.049622236731648166,0.7586107928258777,0.014540507889247916
Neural Network,0.9347434703163627,0.01189218659488193,0.7079107505070994,0.02339142091152815,0.9285955520725346,0.016719680030287405
Logistic Regression,0.9031967682992369,0.010110273046149613,0.8945233265720081,0.01999455930359086,0.9248731938337692,0.03601904390361029
SVM,0.900632815019168,0.009895461043602572,0.8985801217038539,0.019575351848169505,0.9248070058038073,0.03572182273437277
