Model,Train Accuracy,Test Accuracy,Gap
XGBoost,0.9868,0.9897419476192182,-0.002941947619218177
Random Forest,0.9920666666666667,0.9806102432732614,0.011456423393405246
Decision Tree,0.9899133333333333,0.9736461430977034,0.016267190235629947
